[
  {
    "id": 1,
    "name": "Simply Whole Wheat Flour - 1KG",
    "slug": "simply-whole-wheat-flour-1kg",
    "price": 88,
    "originalPrice": 110,
    "rating": 4.92,
    "reviews": 210,
    "category": "Popular Range",
    "image": "/images/Wheat Flour.webp",
    "description": "Finely milled whole wheat flour, perfect for soft and healthy rotis. Rich in fiber and nutrients, ideal for daily use in Indian kitchens.",
    "details": "Simply Whole Wheat Flour is crafted from premium quality wheat grains, carefully selected and stone-milled to preserve their natural nutrients and flavor. This flour is rich in dietary fiber, which aids digestion and helps maintain a healthy gut. It contains essential vitamins and minerals such as iron, magnesium, and B vitamins, making it a wholesome choice for daily meals. The fine texture ensures soft, fluffy rotis and chapatis, while its robust flavor enhances the taste of traditional Indian breads. Unlike refined flours, whole wheat flour retains the bran and germ, providing sustained energy and supporting heart health. It is versatile and can be used for baking breads, making parathas, puris, and even desserts. Regular consumption of whole wheat flour can help regulate blood sugar levels and support weight management. Whether you are preparing a simple meal or an elaborate feast, Simply Whole Wheat Flour delivers consistent quality and nutrition. Its natural goodness makes it suitable for all age groups, and it is free from additives and preservatives. Choose Simply Whole Wheat Flour for a healthy, balanced diet and enjoy the authentic taste of home-cooked Indian food every day."
  },
  {
    "id": 2,
    "name": "Simply Whole Wheat Flour - 5KG",
    "slug": "simply-whole-wheat-flour-5kg",
    "price": 360,
    "originalPrice": 432,
    "rating": 4.85,
    "reviews": 180,
    "category": "Popular Range",
    "image": "/images/Wheat Flour.webp",
    "description": "Bulk pack of premium whole wheat flour, stone-ground for authentic taste and nutrition. Great for families and regular home cooking.",
    "details": "The Simply Whole Wheat Flour 5KG pack is designed for families who value health and tradition in their daily meals. Made from high-quality wheat grains, this flour is stone-ground to retain maximum nutrition and flavor. Whole wheat flour is an excellent source of dietary fiber, which promotes digestive health and keeps you feeling full longer. It is packed with essential nutrients like iron, magnesium, and B vitamins, supporting overall wellness. The bulk pack ensures you always have fresh flour on hand for rotis, parathas, puris, and baking needs. Its fine texture guarantees soft, delicious breads every time. Unlike refined flours, Simply Whole Wheat Flour contains the bran and germ, offering more protein and antioxidants. It is free from chemicals and preservatives, making it a safe choice for your family. Regular use can help manage blood sugar levels and contribute to a balanced diet. Whether you are preparing everyday meals or festive treats, this flour provides consistent quality and taste. Embrace the goodness of whole grains with Simply Whole Wheat Flour and enjoy nutritious, home-cooked food that brings families together."
  },
  {
    "id": 3,
    "name": "Multigrain Flour - 1KG",
    "slug": "multigrain-flour-1kg",
    "price": 110,
    "originalPrice": 132,
    "rating": 4.78,
    "reviews": 145,
    "category": "Popular Range",
    "image": "/images/Multigrain Flour.webp",
    "description": "A healthy blend of multiple grains, this flour is high in fiber and protein. Perfect for making nutritious chapatis and parathas.",
    "details": "Multigrain Flour is a nutritious blend of several wholesome grains, including wheat, barley, millet, oats, and maize. This combination offers a rich source of dietary fiber, protein, and essential vitamins and minerals. The flour is ideal for health-conscious individuals seeking variety and balanced nutrition in their diet. Its high fiber content aids digestion and helps regulate blood sugar levels, while the protein supports muscle health and energy. Multigrain Flour is perfect for making chapatis, parathas, and other Indian breads that are both tasty and filling. The unique blend of grains provides a distinct flavor and texture, making meals more enjoyable. It is suitable for all age groups and can be incorporated into daily cooking for added health benefits. The flour is free from artificial additives and preservatives, ensuring natural goodness in every bite. Regular consumption can help in weight management, improve heart health, and boost immunity. Whether you are preparing breakfast, lunch, or dinner, Multigrain Flour adds a wholesome touch to your meals. Choose Multigrain Flour for a balanced diet and experience the benefits of multiple grains in one convenient pack."
  },
  {
    "id": 4,
    "name": "Multigrain Flour - 5KG",
    "slug": "multigrain-flour-5kg",
    "price": 430,
    "originalPrice": 516,
    "rating": 4.81,
    "reviews": 120,
    "category": "Popular Range",
    "image": "/images/Multigrain Flour.webp",
    "description": "Large pack of multigrain flour, combining the goodness of various grains for a balanced diet. Suitable for daily meals.",
    "details": "Multigrain Flour 5KG is a nutritious blend of several grains, including wheat, barley, millet, oats, and maize, designed for families who prioritize health and variety in their meals. This flour is rich in dietary fiber, which aids digestion and helps regulate blood sugar levels. The combination of grains provides a balanced source of protein, vitamins, and minerals, supporting overall wellness and sustained energy. Its fine texture ensures soft, delicious chapatis and parathas, while the unique flavor profile adds depth to traditional Indian breads. Multigrain Flour is suitable for all age groups and can be used in daily cooking for added health benefits. It is free from artificial additives and preservatives, ensuring natural goodness in every bite. Regular consumption can help in weight management, improve heart health, and boost immunity. The bulk pack is ideal for large families or frequent use, ensuring you always have fresh flour on hand. Whether you are preparing breakfast, lunch, or dinner, Multigrain Flour adds a wholesome touch to your meals. Choose Multigrain Flour for a balanced diet and experience the benefits of multiple grains in one convenient pack, making every meal both nutritious and delicious."
  },
  {
    "id": 5,
    "name": "Behtareen Besan - 500gm",
    "slug": "behtareen-besan-500gm",
    "price": 98,
    "originalPrice": 118,
    "rating": 4.95,
    "reviews": 200,
    "category": "Popular Range",
    "image": "/images/Behtareen Besan.webp",
    "description": "Finely ground gram flour, ideal for making pakoras, chillas, and sweets. Naturally gluten-free and protein-rich.",
    "details": "Behtareen Besan is a finely ground gram flour made from premium quality chickpeas, renowned for its versatility in Indian cuisine. This flour is naturally gluten-free and rich in protein, making it an excellent choice for vegetarians and those seeking to boost their protein intake. Behtareen Besan is perfect for preparing a variety of traditional dishes such as pakoras, chillas, dhokla, and sweets like laddoos and burfi. Its fine texture ensures smooth batters and consistent results in cooking and baking. The flour is also a good source of dietary fiber, which aids digestion and promotes a healthy gut. Regular use of besan can help regulate blood sugar levels and support heart health. It is free from additives and preservatives, ensuring pure, natural flavor in every recipe. Behtareen Besan is easy to incorporate into daily meals, whether for breakfast, snacks, or festive treats. Its high nutritional value and versatility make it a staple in Indian kitchens. Choose Behtareen Besan for authentic taste, superior quality, and the goodness of pure gram flour in every dish you prepare."
  },
  {
    "id": 6,
    "name": "Mota Besan - 500gm",
    "slug": "mota-besan-500gm",
    "price": 102,
    "originalPrice": 126,
    "rating": 4.83,
    "reviews": 110,
    "category": "Popular Range",
    "image": "/images/Mota Besan.webp",
    "description": "Coarse gram flour, perfect for traditional Indian snacks and sweets. Adds a unique texture and flavor to recipes.",
    "details": "Mota Besan is a coarse gram flour made from carefully selected chickpeas, offering a unique texture and robust flavor to traditional Indian recipes. Unlike finely ground besan, Mota Besan adds a delightful crunch and depth to snacks and sweets, making it ideal for dishes like missi roti, laddoos, and certain types of pakoras. This flour is naturally gluten-free and rich in protein, supporting muscle health and providing sustained energy. Mota Besan is also a good source of dietary fiber, which aids digestion and helps maintain a healthy gut. Its coarse texture enhances the mouthfeel of recipes, making them more enjoyable and authentic. The flour is free from artificial additives and preservatives, ensuring pure, natural goodness in every bite. Regular use of Mota Besan can help regulate blood sugar levels and contribute to a balanced diet. Whether you are preparing festive treats or everyday snacks, Mota Besan delivers consistent quality and flavor. Choose Mota Besan for a traditional touch and the wholesome benefits of pure gram flour in your cooking."
  },
  {
    "id": 7,
    "name": "SOYA FLOUR - 500gm",
    "slug": "soya-flour-500gm",
    "price": 115,
    "originalPrice": 138,
    "rating": 4.88,
    "reviews": 130,
    "category": "Popular Range",
    "image": "/images/SOYA FLOUR.webp",
    "description": "Protein-rich soya flour, great for boosting nutrition in rotis, breads, and batters. Suitable for vegetarian diets.",
    "details": "SOYA FLOUR is a protein-rich flour made from high-quality soybeans, ideal for boosting the nutritional value of your meals. This flour is an excellent source of plant-based protein, making it a popular choice for vegetarians and those looking to increase their protein intake. Soya flour is also rich in essential amino acids, vitamins, and minerals such as calcium, iron, and magnesium. Its fine texture makes it easy to incorporate into rotis, breads, batters, and baked goods. Soya flour is naturally gluten-free, suitable for people with gluten intolerance or celiac disease. Regular consumption can help support muscle health, improve bone strength, and promote heart health. The flour is free from artificial additives and preservatives, ensuring pure, natural flavor in every recipe. Soya flour can be used alone or mixed with other flours to enhance the nutritional profile of your meals. Whether you are preparing breakfast, lunch, or snacks, SOYA FLOUR adds a wholesome touch to your diet. Choose SOYA FLOUR for superior quality, high protein content, and the benefits of soy in every meal."
  },
  {
    "id": 8,
    "name": "Sans Gluten Multigrain - 1KG",
    "slug": "sans-gluten-multigrain-1kg",
    "price": 190,
    "originalPrice": 228,
    "rating": 4.91,
    "reviews": 170,
    "category": "Popular Range",
    "image": "/images/Sans Gluten Multigrain.webp",
    "description": "Gluten-free multigrain flour, ideal for those with gluten intolerance. Makes soft, healthy rotis and baked goods.",
    "details": "Sans Gluten Multigrain is a specially formulated flour blend for those with gluten intolerance or celiac disease. Made from a combination of gluten-free grains such as rice, millet, maize, and oats, this flour provides a nutritious alternative to traditional wheat flour. It is rich in dietary fiber, vitamins, and minerals, supporting digestive health and overall wellness. Sans Gluten Multigrain flour is perfect for making soft, healthy rotis, parathas, and baked goods without compromising on taste or texture. The blend is free from artificial additives and preservatives, ensuring natural goodness in every bite. Regular use can help regulate blood sugar levels, support heart health, and provide sustained energy throughout the day. The flour is suitable for all age groups and can be incorporated into daily cooking for added health benefits. Whether you are preparing meals for yourself or your family, Sans Gluten Multigrain flour offers a safe, nutritious, and delicious option. Choose Sans Gluten Multigrain for a balanced diet and enjoy the benefits of multiple gluten-free grains in one convenient pack."
  },
  {
    "id": 9,
    "name": "Bedmi Poori Mix - 500gm",
    "slug": "bedmi-poori-mix-500gm",
    "price": 120,
    "originalPrice": 144,
    "rating": 4.79,
    "reviews": 105,
    "category": "Popular Range",
    "image": "/images/Bedami Pori Mix.webp",
    "description": "Ready-to-use mix for making authentic Bedmi Pooris. Blended with spices for a delicious, traditional flavor.",
    "details": "Bedmi Poori Mix is a ready-to-use blend of flours and spices, crafted to help you prepare authentic Bedmi Pooris with ease. This mix combines high-quality wheat flour, urad dal flour, and a selection of traditional spices, delivering the classic taste and texture of Bedmi Pooris found in North Indian cuisine. The mix is rich in protein and dietary fiber, supporting digestive health and providing sustained energy. Bedmi Poori Mix is free from artificial additives and preservatives, ensuring pure, natural flavor in every bite. The convenient blend saves time in the kitchen, allowing you to enjoy delicious, crispy pooris without the hassle of measuring and mixing ingredients. Regular use can add variety to your meals and introduce new flavors to your family. Whether for breakfast, lunch, or festive occasions, Bedmi Poori Mix delivers consistent quality and taste. Choose Bedmi Poori Mix for authentic flavor, superior quality, and the convenience of a ready-to-use blend in your kitchen."
  },
  {
    "id": 10,
    "name": "Moong Atta - 500gm",
    "slug": "moong-atta-500gm",
    "price": 135,
    "originalPrice": 162,
    "rating": 4.84,
    "reviews": 98,
    "category": "Popular Range",
    "image": "/images/Moong Atta.webp",
    "description": "Nutritious moong dal flour, rich in protein and fiber. Perfect for making healthy rotis and pancakes.",
    "details": "Moong Atta is a nutritious flour made from high-quality moong dal (green gram), renowned for its high protein and fiber content. This flour is ideal for preparing healthy rotis, pancakes, and snacks that are both delicious and filling. Moong Atta is naturally gluten-free, making it suitable for people with gluten intolerance or celiac disease. It is also rich in essential vitamins and minerals such as iron, magnesium, and potassium, supporting overall wellness. The fine texture ensures smooth batters and consistent results in cooking and baking. Regular consumption of Moong Atta can help regulate blood sugar levels, support heart health, and aid digestion. The flour is free from artificial additives and preservatives, ensuring pure, natural goodness in every bite. Moong Atta is easy to incorporate into daily meals, whether for breakfast, lunch, or snacks. Its high nutritional value and versatility make it a staple in health-conscious kitchens. Choose Moong Atta for superior quality, authentic taste, and the wholesome benefits of pure moong dal flour."
  },
  {
    "id": 11,
    "name": "Rice Flour - 500gm",
    "slug": "rice-flour-500gm",
    "price": 60,
    "originalPrice": 72,
    "rating": 4.76,
    "reviews": 90,
    "category": "Popular Range",
    "image": "/images/Rice Flour.webp",
    "description": "Fine rice flour, ideal for making dosa, idli, and other South Indian delicacies. Naturally gluten-free.",
    "details": "Rice Flour is a fine, naturally gluten-free flour made from premium quality rice grains. It is ideal for preparing a variety of South Indian delicacies such as dosa, idli, appam, and other baked goods. Rice flour is light and easy to digest, making it suitable for all age groups, including children and the elderly. It is a good source of energy and contains essential vitamins and minerals such as B vitamins, iron, and magnesium. The fine texture ensures smooth batters and consistent results in cooking and baking. Rice flour is free from artificial additives and preservatives, ensuring pure, natural flavor in every recipe. Regular use can help regulate blood sugar levels and support digestive health. Rice flour can be used alone or mixed with other flours to enhance the nutritional profile of your meals. Whether you are preparing breakfast, snacks, or desserts, Rice Flour adds a wholesome touch to your diet. Choose Rice Flour for superior quality, authentic taste, and the benefits of pure rice in every meal."
  },
  {
    "id": 12,
    "name": "Oats (Jaee) - 500gm",
    "slug": "oats-jaee-500gm",
    "price": 135,
    "originalPrice": 162,
    "rating": 4.89,
    "reviews": 112,
    "category": "Popular Range",
    "image": "/images/Otas Jaee.webp",
    "description": "Whole oats, a great source of fiber and energy. Use for porridge, baking, or healthy breakfast recipes.",
    "details": "Oats (Jaee) are whole oat grains, carefully selected and processed to retain their natural goodness and nutritional value. Oats are a great source of dietary fiber, particularly beta-glucan, which helps lower cholesterol and support heart health. They are also rich in protein, vitamins, and minerals such as magnesium, iron, and zinc. Oats are versatile and can be used for porridge, baking, or healthy breakfast recipes. Their high fiber content aids digestion and helps regulate blood sugar levels, making them suitable for people with diabetes. Oats are free from artificial additives and preservatives, ensuring pure, natural flavor in every bite. Regular consumption can help in weight management, boost immunity, and provide sustained energy throughout the day. Oats are easy to incorporate into daily meals, whether for breakfast, snacks, or desserts. Choose Oats (Jaee) for superior quality, authentic taste, and the wholesome benefits of pure oats in your diet."
  },
  {
    "id": 13,
    "name": "Jau / Barley Flour - 500gm",
    "slug": "jau-barley-flour-500gm",
    "price": 80,
    "originalPrice": 96,
    "rating": 4.82,
    "reviews": 85,
    "category": "Popular Range",
    "image": "/images/Jau Flour.webp",
    "description": "Barley flour, rich in fiber and minerals. Adds a nutty flavor to rotis and baked goods.",
    "details": "Jau (Barley) Flour is a nutritious flour made from high-quality barley grains, renowned for its rich fiber and mineral content. Barley flour adds a nutty flavor and coarse texture to rotis, baked goods, and snacks. It is a good source of dietary fiber, which aids digestion and helps maintain a healthy gut. Barley flour is also rich in essential minerals such as iron, magnesium, and phosphorus, supporting overall wellness. The flour is naturally low in gluten, making it suitable for people with mild gluten sensitivity. Regular consumption can help regulate blood sugar levels, support heart health, and provide sustained energy throughout the day. Barley flour is free from artificial additives and preservatives, ensuring pure, natural flavor in every recipe. It is easy to incorporate into daily meals, whether for breakfast, lunch, or snacks. Choose Jau (Barley) Flour for superior quality, authentic taste, and the wholesome benefits of pure barley in your diet."
  },
  {
    "id": 14,
    "name": "Chana Flour - 500gm",
    "slug": "chana-flour-500gm",
    "price": 98,
    "originalPrice": 118,
    "rating": 4.77,
    "reviews": 120,
    "category": "Popular Range",
    "image": "/images/Chana Flour.webp",
    "description": "Pure chana dal flour, perfect for snacks, sweets, and batters. High in protein and gluten-free.",
    "details": "Chana Flour is made from pure chana dal (split chickpeas), offering a high-protein, gluten-free alternative to traditional flours. This flour is perfect for preparing snacks, sweets, and batters such as chillas, dhokla, and laddoos. Chana flour is rich in dietary fiber, which aids digestion and helps regulate blood sugar levels. It is also a good source of essential vitamins and minerals such as iron, magnesium, and potassium, supporting overall wellness. The fine texture ensures smooth batters and consistent results in cooking and baking. Chana flour is free from artificial additives and preservatives, ensuring pure, natural flavor in every bite. Regular use can help support heart health, boost immunity, and provide sustained energy throughout the day. Chana flour is easy to incorporate into daily meals, whether for breakfast, snacks, or desserts. Choose Chana Flour for superior quality, authentic taste, and the wholesome benefits of pure chana dal in your diet."
  },
  {
    "id": 15,
    "name": "Chana Sattu - 500gm",
    "slug": "chana-sattu-500gm",
    "price": 105,
    "originalPrice": 138,
    "rating": 4.93,
    "reviews": 210,
    "category": "Sattu Range",
    "image": "/images/Chana Sattu.webp",
    "description": "Traditional chana sattu, a cooling and nutritious flour for drinks, parathas, and laddoos.",
    "details": "Chana Sattu is a traditional flour made from roasted chana (gram), renowned for its cooling and nutritious properties. Sattu is a popular ingredient in North Indian cuisine, used for drinks, parathas, and laddoos. It is rich in protein, dietary fiber, and essential minerals such as iron and magnesium, supporting overall wellness. Chana Sattu is naturally gluten-free, making it suitable for people with gluten intolerance or celiac disease. The flour is free from artificial additives and preservatives, ensuring pure, natural flavor in every recipe. Regular consumption can help regulate blood sugar levels, support heart health, and aid digestion. Sattu is easy to incorporate into daily meals, whether for breakfast, snacks, or festive treats. Its high nutritional value and versatility make it a staple in health-conscious kitchens. Choose Chana Sattu for superior quality, authentic taste, and the wholesome benefits of pure roasted chana flour."
  },
  {
    "id": 16,
    "name": "Jau (Barley) Sattu - 500gm",
    "slug": "jau-barley-sattu-500gm",
    "price": 98,
    "originalPrice": 120,
    "rating": 4.86,
    "reviews": 140,
    "category": "Sattu Range",
    "image": "/images/Jau Sattu.webp",
    "description": "Barley sattu, a wholesome flour for summer drinks and healthy recipes. High in fiber and minerals.",
    "details": "Jau (Barley) Sattu is a wholesome flour made from roasted barley grains, offering a nutritious and cooling ingredient for summer drinks and healthy recipes. Barley sattu is rich in dietary fiber, protein, and essential minerals such as iron, magnesium, and phosphorus. It is naturally low in gluten, making it suitable for people with mild gluten sensitivity. The flour is free from artificial additives and preservatives, ensuring pure, natural flavor in every recipe. Regular consumption can help regulate blood sugar levels, support heart health, and aid digestion. Barley sattu is easy to incorporate into daily meals, whether for breakfast, snacks, or festive treats. Its high nutritional value and versatility make it a staple in health-conscious kitchens. Choose Jau (Barley) Sattu for superior quality, authentic taste, and the wholesome benefits of pure roasted barley flour."
  },
  {
    "id": 17,
    "name": "Chana & Jau Sattu - 500gm",
    "slug": "chana-jau-sattu-500gm",
    "price": 98,
    "originalPrice": 118,
    "rating": 4.75,
    "reviews": 100,
    "category": "Sattu Range",
    "image": "/images/Chana Sattu.webp",
    "description": "A blend of chana and barley sattu, combining taste and nutrition. Great for energy drinks and snacks.",
    "details": "Chana & Jau Sattu is a blend of roasted chana (gram) and barley, combining taste and nutrition in one convenient pack. This flour is rich in protein, dietary fiber, and essential minerals such as iron, magnesium, and phosphorus. It is naturally low in gluten, making it suitable for people with mild gluten sensitivity. The blend is free from artificial additives and preservatives, ensuring pure, natural flavor in every recipe. Regular consumption can help regulate blood sugar levels, support heart health, and aid digestion. Chana & Jau Sattu is easy to incorporate into daily meals, whether for breakfast, snacks, or festive treats. Its high nutritional value and versatility make it a staple in health-conscious kitchens. Choose Chana & Jau Sattu for superior quality, authentic taste, and the wholesome benefits of roasted chana and barley flour."
  },
  {
    "id": 18,
    "name": "Instant Masala Sattu (12×30gm sachets)",
    "slug": "instant-masala-sattu-12x30gm-sachets",
    "price": 110,
    "originalPrice": 144,
    "rating": 4.87,
    "reviews": 95,
    "category": "Sattu Range",
    "image": "/images/Masala Satttu Pack.webp",
    "description": "Convenient masala sattu sachets for instant, healthy drinks. Just mix with water and enjoy.",
    "details": "Instant Masala Sattu sachets offer a convenient and nutritious way to enjoy traditional sattu drinks. Each sachet contains a blend of roasted chana flour and spices, delivering authentic flavor and cooling properties. Sattu is rich in protein, dietary fiber, and essential minerals such as iron and magnesium, supporting overall wellness. The sachets are easy to use—just mix with water and enjoy a refreshing, healthy drink. Instant Masala Sattu is naturally gluten-free, making it suitable for people with gluten intolerance or celiac disease. The blend is free from artificial additives and preservatives, ensuring pure, natural flavor in every sip. Regular consumption can help regulate blood sugar levels, support heart health, and aid digestion. Instant Masala Sattu is perfect for busy lifestyles, travel, or quick snacks. Choose Instant Masala Sattu for superior quality, authentic taste, and the wholesome benefits of traditional sattu in a convenient format."
  },
  {
    "id": 19,
    "name": "Vrat Ka Singhara Atta - 250gm",
    "slug": "vrat-ka-singhara-atta-250gm",
    "price": 115,
    "originalPrice": 238,
    "rating": 4.94,
    "reviews": 180,
    "category": "Millet & Dalia Range",
    "image": "/images/Vrat Ka Singhada Atta.webp",
    "description": "Singhara (water chestnut) flour, ideal for fasting recipes. Gluten-free and rich in minerals.",
    "details": "Vrat Ka Singhara Atta is a gluten-free flour made from water chestnuts, ideal for fasting recipes and special occasions. Singhara flour is rich in minerals such as potassium, calcium, and iron, supporting overall wellness. It is light and easy to digest, making it suitable for all age groups. The flour is free from artificial additives and preservatives, ensuring pure, natural flavor in every recipe. Vrat Ka Singhara Atta can be used to prepare rotis, pancakes, and sweets during fasting periods. Regular consumption can help regulate blood pressure, support heart health, and provide sustained energy. Singhara flour is easy to incorporate into daily meals, whether for breakfast, snacks, or desserts. Its high nutritional value and versatility make it a staple in health-conscious kitchens. Choose Vrat Ka Singhara Atta for superior quality, authentic taste, and the wholesome benefits of pure water chestnut flour."
  },
  {
    "id": 20,
    "name": "Ramdana/Cholai/Rajgira Atta - 250gm",
    "slug": "ramdana-cholai-rajgira-atta-250gm",
    "price": 85,
    "originalPrice": 108,
    "rating": 4.81,
    "reviews": 120,
    "category": "Millet & Dalia Range",
    "image": "/images/Ragi Ratan Flour.webp",
    "description": "Rajgira flour, a nutritious fasting ingredient. High in protein and minerals, gluten-free.",
    "details": "Ramdana/Cholai/Rajgira Atta is a nutritious flour made from amaranth seeds, commonly used during fasting periods. Rajgira flour is high in protein, calcium, and iron, supporting muscle health and bone strength. It is naturally gluten-free, making it suitable for people with gluten intolerance or celiac disease. The flour is free from artificial additives and preservatives, ensuring pure, natural flavor in every recipe. Rajgira Atta can be used to prepare rotis, pancakes, and sweets during fasting periods. Regular consumption can help regulate blood sugar levels, support heart health, and provide sustained energy. Rajgira flour is easy to incorporate into daily meals, whether for breakfast, snacks, or desserts. Its high nutritional value and versatility make it a staple in health-conscious kitchens. Choose Ramdana/Cholai/Rajgira Atta for superior quality, authentic taste, and the wholesome benefits of pure amaranth flour."
  },
  {
    "id": 21,
    "name": "Ramdana/Cholai/Rajgira - 250gm",
    "slug": "ramdana-cholai-rajgira-250gm",
    "price": 78,
    "originalPrice": 102,
    "rating": 4.77,
    "reviews": 110,
    "category": "Millet & Dalia Range",
    "image": "/images/Ragi Ratan Flour.webp",
    "description": "Whole rajgira seeds, perfect for fasting and healthy snacks. Rich in protein and fiber.",
    "details": "Ramdana/Cholai/Rajgira seeds are whole amaranth grains, perfect for fasting and healthy snacks. These seeds are high in protein, calcium, and iron, supporting muscle health and bone strength. They are naturally gluten-free, making them suitable for people with gluten intolerance or celiac disease. The seeds are free from artificial additives and preservatives, ensuring pure, natural flavor in every recipe. Rajgira seeds can be used to prepare porridge, laddoos, and snacks during fasting periods. Regular consumption can help regulate blood sugar levels, support heart health, and provide sustained energy. Rajgira seeds are easy to incorporate into daily meals, whether for breakfast, snacks, or desserts. Their high nutritional value and versatility make them a staple in health-conscious kitchens. Choose Ramdana/Cholai/Rajgira seeds for superior quality, authentic taste, and the wholesome benefits of pure amaranth grains."
  },
  {
    "id": 22,
    "name": "Vrat ka Kuttu Flour - 250gm",
    "slug": "vrat-ka-kuttu-flour-250gm",
    "price": 85,
    "originalPrice": 132,
    "rating": 4.8,
    "reviews": 130,
    "category": "Millet & Dalia Range",
    "image": "/images/Vrat Ka Kuttu.webp",
    "description": "Kuttu (buckwheat) flour, commonly used during fasting. Gluten-free and nutritious.",
    "details": "Vrat ka Kuttu Flour is a gluten-free flour made from buckwheat, commonly used during fasting periods. Kuttu flour is rich in protein, fiber, and essential minerals such as magnesium and phosphorus, supporting overall wellness. It is light and easy to digest, making it suitable for all age groups. The flour is free from artificial additives and preservatives, ensuring pure, natural flavor in every recipe. Vrat ka Kuttu Flour can be used to prepare rotis, pancakes, and sweets during fasting periods. Regular consumption can help regulate blood sugar levels, support heart health, and provide sustained energy. Kuttu flour is easy to incorporate into daily meals, whether for breakfast, snacks, or desserts. Its high nutritional value and versatility make it a staple in health-conscious kitchens. Choose Vrat ka Kuttu Flour for superior quality, authentic taste, and the wholesome benefits of pure buckwheat flour."
  },
  {
    "id": 23,
    "name": "Vrat ka Kuttu (Giri) - 250gm",
    "slug": "vrat-ka-kuttu-giri-250gm",
    "price": 78,
    "originalPrice": 72,
    "rating": 4.74,
    "reviews": 85,
    "category": "Millet & Dalia Range",
    "image": "/images/Vrat Ka Kuttu.webp",
    "description": "Buckwheat groats (giri), ideal for fasting and healthy recipes. High in fiber and minerals.",
    "details": "Vrat ka Kuttu (Giri) are buckwheat groats, ideal for fasting and healthy recipes. Buckwheat groats are rich in protein, fiber, and essential minerals such as magnesium and phosphorus, supporting overall wellness. They are naturally gluten-free, making them suitable for people with gluten intolerance or celiac disease. The groats are free from artificial additives and preservatives, ensuring pure, natural flavor in every recipe. Kuttu groats can be used to prepare porridge, khichdi, and snacks during fasting periods. Regular consumption can help regulate blood sugar levels, support heart health, and provide sustained energy. Kuttu groats are easy to incorporate into daily meals, whether for breakfast, snacks, or desserts. Their high nutritional value and versatility make them a staple in health-conscious kitchens. Choose Vrat ka Kuttu (Giri) for superior quality, authentic taste, and the wholesome benefits of pure buckwheat groats."
  },
  {
    "id": 24,
    "name": "Vrat ka Samak Rice Flour - 250gm",
    "slug": "vrat-ka-samak-rice-flour-250gm",
    "price": 90,
    "originalPrice": 60,
    "rating": 4.79,
    "reviews": 90,
    "category": "Millet & Dalia Range",
    "image": "/images/Vrat Ka Samak Rice.webp",
    "description": "Samak rice flour, a fasting-friendly ingredient for rotis and pancakes. Light and easy to digest.",
    "details": "Vrat ka Samak Rice Flour is a fasting-friendly ingredient made from samak rice, also known as barnyard millet. This flour is light and easy to digest, making it suitable for all age groups. Samak rice flour is naturally gluten-free and rich in dietary fiber, supporting digestive health and overall wellness. The flour is free from artificial additives and preservatives, ensuring pure, natural flavor in every recipe. Vrat ka Samak Rice Flour can be used to prepare rotis, pancakes, and sweets during fasting periods. Regular consumption can help regulate blood sugar levels, support heart health, and provide sustained energy. Samak rice flour is easy to incorporate into daily meals, whether for breakfast, snacks, or desserts. Its high nutritional value and versatility make it a staple in health-conscious kitchens. Choose Vrat ka Samak Rice Flour for superior quality, authentic taste, and the wholesome benefits of pure barnyard millet flour."
  },
  {
    "id": 25,
    "name": "Vrat ka Samak Rice - 250gm",
    "slug": "vrat-ka-samak-rice-250gm",
    "price": 78,
    "originalPrice": 86,
    "rating": 4.85,
    "reviews": 100,
    "category": "Millet & Dalia Range",
    "image": "/images/Vrat ka Samak Rice.webp",
    "description": "Whole samak rice, perfect for fasting and light meals. Gluten-free and easy to cook.",
    "details": "Vrat ka Samak Rice are whole barnyard millet grains, perfect for fasting and light meals. Samak rice is naturally gluten-free and rich in dietary fiber, supporting digestive health and overall wellness. The grains are light and easy to cook, making them suitable for all age groups. Samak rice is free from artificial additives and preservatives, ensuring pure, natural flavor in every recipe. The grains can be used to prepare khichdi, pulao, and snacks during fasting periods. Regular consumption can help regulate blood sugar levels, support heart health, and provide sustained energy. Samak rice is easy to incorporate into daily meals, whether for breakfast, lunch, or dinner. Its high nutritional value and versatility make it a staple in health-conscious kitchens. Choose Vrat ka Samak Rice for superior quality, authentic taste, and the wholesome benefits of pure barnyard millet grains."
  },
  {
    "id": 26,
    "name": "Multi-Millet Atta - 1KG",
    "slug": "multi-millet-atta-1kg",
    "price": 198,
    "originalPrice": 238,
    "rating": 4.93,
    "reviews": 170,
    "category": "Millet & Dalia Range",
    "image": "/images/Multi Millet Atta.webp",
    "description": "A blend of various millets, this flour is rich in fiber and nutrients. Great for healthy rotis and parathas.",
    "details": "Multi-Millet Atta is a blend of various millets, including bajra, jowar, ragi, and others, designed to provide a rich source of fiber and nutrients. This flour is ideal for preparing healthy rotis and parathas that are both delicious and filling. Multi-Millet Atta is naturally gluten-free, making it suitable for people with gluten intolerance or celiac disease. It is rich in protein, vitamins, and minerals such as calcium, iron, and magnesium, supporting overall wellness. The flour is free from artificial additives and preservatives, ensuring pure, natural flavor in every recipe. Regular consumption can help regulate blood sugar levels, support heart health, and aid digestion. Multi-Millet Atta is easy to incorporate into daily meals, whether for breakfast, lunch, or snacks. Its high nutritional value and versatility make it a staple in health-conscious kitchens. Choose Multi-Millet Atta for superior quality, authentic taste, and the wholesome benefits of multiple millets in your diet."
  },
  {
    "id": 27,
    "name": "Ragi Ratan Flour - 500gm",
    "slug": "ragi-ratan-flour-500gm",
    "price": 90,
    "originalPrice": 108,
    "rating": 4.82,
    "reviews": 120,
    "category": "Millet & Dalia Range",
    "image": "/images/Ragi Ratan Flour.webp",
    "description": "Ragi (finger millet) flour, high in calcium and iron. Perfect for nutritious rotis and porridge.",
    "details": "Ragi Ratan Flour is made from high-quality finger millet, renowned for its high calcium and iron content. This flour is perfect for preparing nutritious rotis, porridge, and snacks that are both delicious and filling. Ragi flour is naturally gluten-free, making it suitable for people with gluten intolerance or celiac disease. It is rich in dietary fiber, supporting digestive health and overall wellness. The flour is free from artificial additives and preservatives, ensuring pure, natural flavor in every recipe. Regular consumption can help regulate blood sugar levels, support heart health, and provide sustained energy. Ragi flour is easy to incorporate into daily meals, whether for breakfast, lunch, or snacks. Its high nutritional value and versatility make it a staple in health-conscious kitchens. Choose Ragi Ratan Flour for superior quality, authentic taste, and the wholesome benefits of pure finger millet flour."
  },
  {
    "id": 28,
    "name": "Jowar Flour - 500gm",
    "slug": "jowar-flour-500gm",
    "price": 85,
    "originalPrice": 108,
    "rating": 4.8,
    "reviews": 110,
    "category": "Millet & Dalia Range",
    "image": "/images/Jowar Flour.webp",
    "description": "Jowar (sorghum) flour, gluten-free and rich in fiber. Ideal for making bhakri and healthy flatbreads.",
    "details": "Jowar Flour is a gluten-free flour made from high-quality sorghum grains, ideal for making bhakri and healthy flatbreads. Jowar flour is rich in dietary fiber, protein, and essential minerals such as iron, magnesium, and phosphorus, supporting overall wellness. The flour is free from artificial additives and preservatives, ensuring pure, natural flavor in every recipe. Regular consumption can help regulate blood sugar levels, support heart health, and aid digestion. Jowar flour is easy to incorporate into daily meals, whether for breakfast, lunch, or snacks. Its high nutritional value and versatility make it a staple in health-conscious kitchens. Choose Jowar Flour for superior quality, authentic taste, and the wholesome benefits of pure sorghum flour."
  },
  {
    "id": 29,
    "name": "Makka Flour - 500gm",
    "slug": "makka-flour-500gm",
    "price": 60,
    "originalPrice": 126,
    "rating": 4.77,
    "reviews": 100,
    "category": "Millet & Dalia Range",
    "image": "/images/Makka Flour.webp",
    "description": "Corn flour, perfect for making makki ki roti and other traditional dishes. Naturally gluten-free.",
    "details": "Makka Flour is a naturally gluten-free flour made from premium corn kernels, perfect for making makki ki roti and other traditional dishes. Corn flour is rich in dietary fiber, supporting digestive health and overall wellness. It is also a good source of essential vitamins and minerals such as B vitamins, iron, and magnesium. The flour is free from artificial additives and preservatives, ensuring pure, natural flavor in every recipe. Regular consumption can help regulate blood sugar levels, support heart health, and provide sustained energy. Makka flour is easy to incorporate into daily meals, whether for breakfast, lunch, or snacks. Its high nutritional value and versatility make it a staple in health-conscious kitchens. Choose Makka Flour for superior quality, authentic taste, and the wholesome benefits of pure corn flour."
  },
  {
    "id": 30,
    "name": "Bajra Atta - 500gm",
    "slug": "bajra-atta-500gm",
    "price": 60,
    "originalPrice": 126,
    "rating": 4.88,
    "reviews": 130,
    "category": "Millet & Dalia Range",
    "image": "/images/Bajra Atta.webp",
    "description": "Bajra (pearl millet) flour, rich in fiber and minerals. Great for winter rotis and healthy meals.",
    "details": "Bajra Atta, also known as pearl millet flour, is a staple in many Indian households, especially during the winter months. This flour is made from high-quality bajra grains that are carefully cleaned, milled, and packed to preserve their natural goodness. Bajra is renowned for its high fiber content, which aids digestion and helps maintain a healthy gut. It is also a rich source of essential minerals such as iron, magnesium, and phosphorus, making it an excellent choice for those looking to boost their nutritional intake. Bajra Atta is gluten-free, making it suitable for people with gluten intolerance or celiac disease. The flour has a slightly nutty flavor and a coarse texture, which adds depth to traditional Indian flatbreads like rotis and bhakri. Incorporating Bajra Atta into your diet can help regulate blood sugar levels, support heart health, and provide sustained energy throughout the day. Whether used alone or mixed with other flours, Bajra Atta is versatile and can be used in a variety of recipes, including porridge, khichdi, and even baked goods. Its warming properties make it particularly beneficial during colder seasons, helping to keep the body warm and nourished."
  },
  {
    "id": 31,
    "name": "Bajra Sabut - 500gm",
    "slug": "bajra-sabut-500gm",
    "price": 50,
    "originalPrice": 132,
    "rating": 4.9,
    "reviews": 140,
    "category": "Millet & Dalia Range",
    "image": "/images/Bajra Sabut.webp",
    "description": "Whole bajra grains, ideal for making porridge, khichdi, and flour at home. High in nutrition.",
    "details": "Bajra Sabut consists of whole pearl millet grains, ideal for making porridge, khichdi, and flour at home. Bajra is renowned for its high fiber content, which aids digestion and helps maintain a healthy gut. It is also a rich source of essential minerals such as iron, magnesium, and phosphorus, making it an excellent choice for those looking to boost their nutritional intake. Bajra is naturally gluten-free, making it suitable for people with gluten intolerance or celiac disease. The grains have a slightly nutty flavor and a coarse texture, which adds depth to traditional Indian dishes. Incorporating Bajra Sabut into your diet can help regulate blood sugar levels, support heart health, and provide sustained energy throughout the day. Whether used alone or mixed with other grains, Bajra Sabut is versatile and can be used in a variety of recipes, including porridge, khichdi, and even baked goods. Its warming properties make it particularly beneficial during colder seasons, helping to keep the body warm and nourished."
  },
  {
    "id": 32,
    "name": "Makka Sabut - 500gm",
    "slug": "makka-sabut-500gm",
    "price": 51,
    "originalPrice": 102,
    "rating": 4.75,
    "reviews": 90,
    "category": "Millet & Dalia Range",
    "image": "/images/Makka Sabut.webp",
    "description": "Whole corn kernels, perfect for grinding or making traditional dishes. Naturally gluten-free.",
    "details": "Makka Sabut consists of whole corn kernels, perfect for grinding or making traditional dishes. Corn is naturally gluten-free and rich in dietary fiber, supporting digestive health and overall wellness. It is also a good source of essential vitamins and minerals such as B vitamins, iron, and magnesium. The kernels are free from artificial additives and preservatives, ensuring pure, natural flavor in every recipe. Makka Sabut can be used to prepare porridge, khichdi, and snacks, or ground into flour for rotis and baked goods. Regular consumption can help regulate blood sugar levels, support heart health, and provide sustained energy. Makka Sabut is easy to incorporate into daily meals, whether for breakfast, lunch, or snacks. Its high nutritional value and versatility make it a staple in health-conscious kitchens. Choose Makka Sabut for superior quality, authentic taste, and the wholesome benefits of pure corn kernels."
  },
  {
    "id": 33,
    "name": "Ragi Sabut - 500gm",
    "slug": "ragi-sabut-500gm",
    "price": 72,
    "originalPrice": 138,
    "rating": 4.91,
    "reviews": 150,
    "category": "Millet & Dalia Range",
    "image": "/images/Ragi Sabut.webp",
    "description": "Whole ragi grains, high in calcium and fiber. Use for porridge, flour, or sprouting.",
    "details": "Ragi Sabut consists of whole finger millet grains, high in calcium and fiber. These grains are perfect for making porridge, flour, or sprouting. Ragi is naturally gluten-free, making it suitable for people with gluten intolerance or celiac disease. It is rich in dietary fiber, supporting digestive health and overall wellness. The grains are free from artificial additives and preservatives, ensuring pure, natural flavor in every recipe. Regular consumption can help regulate blood sugar levels, support heart health, and provide sustained energy. Ragi Sabut is easy to incorporate into daily meals, whether for breakfast, lunch, or snacks. Its high nutritional value and versatility make it a staple in health-conscious kitchens. Choose Ragi Sabut for superior quality, authentic taste, and the wholesome benefits of pure finger millet grains."
  },
  {
    "id": 34,
    "name": "Millet Bajra Khichadi - 500gm",
    "slug": "millet-bajra-khichadi-500gm",
    "price": 120,
    "originalPrice": 102,
    "rating": 4.8,
    "reviews": 100,
    "category": "Millet & Dalia Range",
    "image": "/images/Millet Bajra Khichadi.webp",
    "description": "A ready mix of bajra and other millets for making healthy khichadi. Easy to cook and nutritious.",
    "details": "Millet Bajra Khichadi is a ready mix of bajra and other millets, designed for making healthy khichadi with ease. This mix is high in dietary fiber, protein, and essential minerals, supporting digestive health and overall wellness. The blend is naturally gluten-free, making it suitable for people with gluten intolerance or celiac disease. Millet Bajra Khichadi is free from artificial additives and preservatives, ensuring pure, natural flavor in every recipe. The convenient mix saves time in the kitchen, allowing you to enjoy nutritious, filling meals without the hassle of measuring and mixing ingredients. Regular consumption can help regulate blood sugar levels, support heart health, and provide sustained energy. Millet Bajra Khichadi is easy to incorporate into daily meals, whether for breakfast, lunch, or dinner. Its high nutritional value and versatility make it a staple in health-conscious kitchens. Choose Millet Bajra Khichadi for superior quality, authentic taste, and the wholesome benefits of multiple millets in your diet."
  },
  {
    "id": 35,
    "name": "Millet Dalia (Bajra) - 500gm",
    "slug": "millet-dalia-bajra-500gm",
    "price": 90,
    "originalPrice": 94,
    "rating": 4.76,
    "reviews": 95,
    "category": "Millet & Dalia Range",
    "image": "/images/Millets Dalia Bajra.webp",
    "description": "Cracked bajra (millet) dalia, perfect for porridge and upma. High in fiber and energy.",
    "details": "Millet Dalia (Bajra) is cracked bajra (millet) dalia, perfect for porridge and upma. Bajra is renowned for its high fiber content, which aids digestion and helps maintain a healthy gut. It is also a rich source of essential minerals such as iron, magnesium, and phosphorus, making it an excellent choice for those looking to boost their nutritional intake. Millet Dalia is naturally gluten-free, making it suitable for people with gluten intolerance or celiac disease. The dalia has a slightly nutty flavor and a coarse texture, which adds depth to traditional Indian dishes. Incorporating Millet Dalia into your diet can help regulate blood sugar levels, support heart health, and provide sustained energy throughout the day. Whether used alone or mixed with other grains, Millet Dalia is versatile and can be used in a variety of recipes, including porridge, upma, and even baked goods. Its warming properties make it particularly beneficial during colder seasons, helping to keep the body warm and nourished."
  },
  {
    "id": 36,
    "name": "Millet Dalia (Makka) - 500gm",
    "slug": "millet-dalia-makka-500gm",
    "price": 90,
    "originalPrice": 102,
    "rating": 4.79,
    "reviews": 100,
    "category": "Millet & Dalia Range",
    "image": "/images/Millets Dalia Makka.webp",
    "description": "Cracked corn dalia, ideal for breakfast porridge and healthy snacks. Gluten-free and filling.",
    "details": "Millet Dalia (Makka) is cracked corn dalia, ideal for breakfast porridge and healthy snacks. Corn is naturally gluten-free and rich in dietary fiber, supporting digestive health and overall wellness. It is also a good source of essential vitamins and minerals such as B vitamins, iron, and magnesium. The dalia is free from artificial additives and preservatives, ensuring pure, natural flavor in every recipe. Regular consumption can help regulate blood sugar levels, support heart health, and provide sustained energy. Millet Dalia is easy to incorporate into daily meals, whether for breakfast, lunch, or snacks. Its high nutritional value and versatility make it a staple in health-conscious kitchens. Choose Millet Dalia (Makka) for superior quality, authentic taste, and the wholesome benefits of pure corn dalia."
  },
  {
    "id": 37,
    "name": "Millet Dalia (Jowar) - 500gm",
    "slug": "millet-dalia-jowar-500gm",
    "price": 105,
    "originalPrice": 94,
    "rating": 4.74,
    "reviews": 85,
    "category": "Millet & Dalia Range",
    "image": "/images/Millet Bajra Jowar.webp",
    "description": "Cracked jowar (sorghum) dalia, great for porridge and upma. High in fiber and easy to digest.",
    "details": "Millet Dalia (Jowar) is cracked jowar (sorghum) dalia, great for porridge and upma. Jowar is naturally gluten-free and rich in dietary fiber, supporting digestive health and overall wellness. It is also a good source of essential minerals such as iron, magnesium, and phosphorus. The dalia is free from artificial additives and preservatives, ensuring pure, natural flavor in every recipe. Regular consumption can help regulate blood sugar levels, support heart health, and provide sustained energy. Millet Dalia is easy to incorporate into daily meals, whether for breakfast, lunch, or snacks. Its high nutritional value and versatility make it a staple in health-conscious kitchens. Choose Millet Dalia (Jowar) for superior quality, authentic taste, and the wholesome benefits of pure sorghum dalia."
  },
  {
    "id": 38,
    "name": "Jau Dalia - 500gm",
    "slug": "jau-dalia-500gm",
    "price": 105,
    "originalPrice": 108,
    "rating": 4.81,
    "reviews": 120,
    "category": "Millet & Dalia Range",
    "image": "/images/Jau Dalia.webp",
    "description": "Barley dalia, perfect for healthy porridge and upma. Rich in fiber and minerals.",
    "details": "Jau Dalia is barley dalia, perfect for healthy porridge and upma. Barley is renowned for its high fiber content, which aids digestion and helps maintain a healthy gut. It is also a rich source of essential minerals such as iron, magnesium, and phosphorus, making it an excellent choice for those looking to boost their nutritional intake. Jau Dalia is naturally low in gluten, making it suitable for people with mild gluten sensitivity. The dalia has a slightly nutty flavor and a coarse texture, which adds depth to traditional Indian dishes. Incorporating Jau Dalia into your diet can help regulate blood sugar levels, support heart health, and provide sustained energy throughout the day. Whether used alone or mixed with other grains, Jau Dalia is versatile and can be used in a variety of recipes, including porridge, upma, and even baked goods. Its warming properties make it particularly beneficial during colder seasons, helping to keep the body warm and nourished."
  },
  {
    "id": 39,
    "name": "Multi Millet Dalia - 500gm",
    "slug": "multi-millet-dalia-500gm",
    "price": 110,
    "originalPrice": 94,
    "rating": 4.85,
    "reviews": 110,
    "category": "Millet & Dalia Range",
    "image": "/images/Multi Millet Dalia.webp",
    "description": "A mix of cracked millets for a wholesome dalia. High in fiber and suitable for all ages.",
    "details": "Multi Millet Dalia is a mix of cracked millets, designed for a wholesome dalia that is high in fiber and suitable for all ages. The blend includes various millets such as bajra, jowar, ragi, and others, providing a balanced source of protein, vitamins, and minerals. Multi Millet Dalia is naturally gluten-free, making it suitable for people with gluten intolerance or celiac disease. The dalia is free from artificial additives and preservatives, ensuring pure, natural flavor in every recipe. Regular consumption can help regulate blood sugar levels, support heart health, and provide sustained energy. Multi Millet Dalia is easy to incorporate into daily meals, whether for breakfast, lunch, or snacks. Its high nutritional value and versatility make it a staple in health-conscious kitchens. Choose Multi Millet Dalia for superior quality, authentic taste, and the wholesome benefits of multiple millets in your diet."
  },
  {
    "id": 40,
    "name": "Rolled OATS - 250gm",
    "slug": "rolled-oats-250gm",
    "price": 85,
    "originalPrice": 94,
    "rating": 4.9,
    "reviews": 140,
    "category": "Millet & Dalia Range",
    "image": "/images/Rolled OATS.webp",
    "description": "Premium rolled oats, perfect for porridge, baking, and healthy breakfast bowls. High in fiber and energy.",
    "details": "Rolled OATS are premium oats, carefully processed to retain their natural goodness and nutritional value. Oats are a great source of dietary fiber, particularly beta-glucan, which helps lower cholesterol and support heart health. They are also rich in protein, vitamins, and minerals such as magnesium, iron, and zinc. Rolled oats are versatile and can be used for porridge, baking, and healthy breakfast bowls. Their high fiber content aids digestion and helps regulate blood sugar levels, making them suitable for people with diabetes. Rolled oats are free from artificial additives and preservatives, ensuring pure, natural flavor in every bite. Regular consumption can help in weight management, boost immunity, and provide sustained energy throughout the day. Rolled oats are easy to incorporate into daily meals, whether for breakfast, snacks, or desserts. Choose Rolled OATS for superior quality, authentic taste, and the wholesome benefits of pure oats in your diet."
  }
]
